[{"model": "admin.logentry", "pk": 1, "fields": {"action_time": "2024-05-28T13:52:32.515Z", "user": 1, "content_type": 7, "object_id": "2", "object_repr": "localhost:8000", "action_flag": 1, "change_message": "[{\"added\": {}}]"}}, {"model": "admin.logentry", "pk": 2, "fields": {"action_time": "2024-05-28T13:53:01.400Z", "user": 1, "content_type": 7, "object_id": "3", "object_repr": "https://tonne-waste-reminders-a6836f2888b0.herokuapp.com/", "action_flag": 1, "change_message": "[{\"added\": {}}]"}}, {"model": "admin.logentry", "pk": 3, "fields": {"action_time": "2024-05-28T13:53:07.856Z", "user": 1, "content_type": 10, "object_id": "1", "object_repr": "Django Google  waste App", "action_flag": 1, "change_message": "[{\"added\": {}}]"}}, {"model": "admin.logentry", "pk": 4, "fields": {"action_time": "2024-06-04T10:58:06.691Z", "user": 1, "content_type": 15, "object_id": "15", "object_repr": "Comment fdsa by benibschafer", "action_flag": 3, "change_message": ""}}, {"model": "admin.logentry", "pk": 5, "fields": {"action_time": "2024-06-04T10:58:06.744Z", "user": 1, "content_type": 15, "object_id": "13", "object_repr": "Comment This schedule is awesome!!! 🥳 by benschaf", "action_flag": 3, "change_message": ""}}, {"model": "admin.logentry", "pk": 6, "fields": {"action_time": "2024-06-04T10:58:06.775Z", "user": 1, "content_type": 15, "object_id": "9", "object_repr": "Comment fdasfsafsdsd by benschaf", "action_flag": 3, "change_message": ""}}, {"model": "admin.logentry", "pk": 7, "fields": {"action_time": "2024-06-04T10:58:06.805Z", "user": 1, "content_type": 15, "object_id": "8", "object_repr": "Comment fdasfsafsdsd by benschaf", "action_flag": 3, "change_message": ""}}, {"model": "admin.logentry", "pk": 8, "fields": {"action_time": "2024-06-04T10:58:06.836Z", "user": 1, "content_type": 15, "object_id": "7", "object_repr": "Comment dfsafdfarsda by benschaf", "action_flag": 3, "change_message": ""}}, {"model": "admin.logentry", "pk": 9, "fields": {"action_time": "2024-06-04T10:58:06.866Z", "user": 1, "content_type": 15, "object_id": "6", "object_repr": "Comment dfsaf by benschaf", "action_flag": 3, "change_message": ""}}, {"model": "admin.logentry", "pk": 10, "fields": {"action_time": "2024-06-04T10:58:06.901Z", "user": 1, "content_type": 15, "object_id": "5", "object_repr": "Comment dfsaf by benschaf", "action_flag": 3, "change_message": ""}}, {"model": "admin.logentry", "pk": 11, "fields": {"action_time": "2024-06-04T10:58:06.931Z", "user": 1, "content_type": 15, "object_id": "4", "object_repr": "Comment dfsaf by benschaf", "action_flag": 3, "change_message": ""}}, {"model": "admin.logentry", "pk": 12, "fields": {"action_time": "2024-06-04T10:58:06.962Z", "user": 1, "content_type": 15, "object_id": "3", "object_repr": "Comment fdsa by benschaf", "action_flag": 3, "change_message": ""}}, {"model": "admin.logentry", "pk": 13, "fields": {"action_time": "2024-06-04T10:58:06.992Z", "user": 1, "content_type": 15, "object_id": "2", "object_repr": "Comment fdsa by benschaf", "action_flag": 3, "change_message": ""}}, {"model": "admin.logentry", "pk": 14, "fields": {"action_time": "2024-06-04T10:58:07.023Z", "user": 1, "content_type": 15, "object_id": "1", "object_repr": "Comment fdsa by benschaf", "action_flag": 3, "change_message": ""}}, {"model": "admin.logentry", "pk": 15, "fields": {"action_time": "2024-06-04T10:58:50.376Z", "user": 1, "content_type": 13, "object_id": "9", "object_repr": "my own schedule", "action_flag": 3, "change_message": ""}}, {"model": "admin.logentry", "pk": 16, "fields": {"action_time": "2024-06-04T10:58:50.415Z", "user": 1, "content_type": 13, "object_id": "8", "object_repr": "dasf", "action_flag": 3, "change_message": ""}}, {"model": "admin.logentry", "pk": 17, "fields": {"action_time": "2024-06-04T10:58:50.442Z", "user": 1, "content_type": 13, "object_id": "7", "object_repr": "Test Schedule", "action_flag": 3, "change_message": ""}}, {"model": "admin.logentry", "pk": 18, "fields": {"action_time": "2024-06-04T11:00:13.694Z", "user": 1, "content_type": 4, "object_id": "4", "object_repr": "peter_123", "action_flag": 1, "change_message": "[{\"added\": {}}]"}}, {"model": "admin.logentry", "pk": 19, "fields": {"action_time": "2024-06-04T11:00:26.446Z", "user": 1, "content_type": 4, "object_id": "5", "object_repr": "jane", "action_flag": 1, "change_message": "[{\"added\": {}}]"}}, {"model": "admin.logentry", "pk": 20, "fields": {"action_time": "2024-06-04T11:01:50.387Z", "user": 1, "content_type": 14, "object_id": "1", "object_repr": "23455", "action_flag": 3, "change_message": ""}}, {"model": "admin.logentry", "pk": 21, "fields": {"action_time": "2024-06-04T11:02:30.076Z", "user": 1, "content_type": 14, "object_id": "3", "object_repr": "78337", "action_flag": 1, "change_message": "[{\"added\": {}}]"}}, {"model": "admin.logentry", "pk": 22, "fields": {"action_time": "2024-06-04T11:02:57.498Z", "user": 1, "content_type": 13, "object_id": "2", "object_repr": "Öhningen the cleanest", "action_flag": 2, "change_message": "[{\"changed\": {\"fields\": [\"Locations\"]}}]"}}, {"model": "admin.logentry", "pk": 23, "fields": {"action_time": "2024-06-04T11:03:08.202Z", "user": 1, "content_type": 13, "object_id": "2", "object_repr": "Öhningen the cleanest", "action_flag": 3, "change_message": ""}}, {"model": "admin.logentry", "pk": 24, "fields": {"action_time": "2024-06-04T11:05:22.361Z", "user": 1, "content_type": 13, "object_id": "10", "object_repr": "Öhningen the cleanest", "action_flag": 1, "change_message": "[{\"added\": {}}]"}}, {"model": "admin.logentry", "pk": 25, "fields": {"action_time": "2024-06-04T11:05:45.684Z", "user": 1, "content_type": 13, "object_id": "10", "object_repr": "Öhningen the cleanest", "action_flag": 2, "change_message": "[]"}}, {"model": "admin.logentry", "pk": 26, "fields": {"action_time": "2024-06-04T11:06:34.358Z", "user": 1, "content_type": 14, "object_id": "4", "object_repr": "96237", "action_flag": 1, "change_message": "[{\"added\": {}}]"}}, {"model": "admin.logentry", "pk": 27, "fields": {"action_time": "2024-06-04T11:10:56.621Z", "user": 1, "content_type": 13, "object_id": "11", "object_repr": "Kleingarnstadt", "action_flag": 1, "change_message": "[{\"added\": {}}]"}}, {"model": "admin.logentry", "pk": 28, "fields": {"action_time": "2024-06-04T11:12:55.481Z", "user": 1, "content_type": 13, "object_id": "12", "object_repr": "Öhningen (besser)", "action_flag": 1, "change_message": "[{\"added\": {}}]"}}, {"model": "admin.logentry", "pk": 29, "fields": {"action_time": "2024-06-04T11:19:47.509Z", "user": 1, "content_type": 14, "object_id": "5", "object_repr": "97499", "action_flag": 1, "change_message": "[{\"added\": {}}]"}}, {"model": "admin.logentry", "pk": 30, "fields": {"action_time": "2024-06-04T11:20:05.506Z", "user": 1, "content_type": 13, "object_id": "13", "object_repr": "DONNERSDORF", "action_flag": 1, "change_message": "[{\"added\": {}}]"}}, {"model": "admin.logentry", "pk": 31, "fields": {"action_time": "2024-06-04T11:20:50.242Z", "user": 1, "content_type": 16, "object_id": "5", "object_repr": "Like by benibschafer", "action_flag": 1, "change_message": "[{\"added\": {}}]"}}, {"model": "admin.logentry", "pk": 32, "fields": {"action_time": "2024-06-04T11:20:58.828Z", "user": 1, "content_type": 16, "object_id": "6", "object_repr": "Like by benibschafer", "action_flag": 1, "change_message": "[{\"added\": {}}]"}}, {"model": "admin.logentry", "pk": 33, "fields": {"action_time": "2024-06-04T11:21:04.622Z", "user": 1, "content_type": 16, "object_id": "7", "object_repr": "Like by benibschafer", "action_flag": 1, "change_message": "[{\"added\": {}}]"}}, {"model": "admin.logentry", "pk": 34, "fields": {"action_time": "2024-06-04T11:21:11.763Z", "user": 1, "content_type": 16, "object_id": "8", "object_repr": "Like by benibschafer", "action_flag": 1, "change_message": "[{\"added\": {}}]"}}, {"model": "admin.logentry", "pk": 35, "fields": {"action_time": "2024-06-04T11:21:21.655Z", "user": 1, "content_type": 16, "object_id": "9", "object_repr": "Like by dirk", "action_flag": 1, "change_message": "[{\"added\": {}}]"}}, {"model": "admin.logentry", "pk": 36, "fields": {"action_time": "2024-06-04T11:21:28.060Z", "user": 1, "content_type": 16, "object_id": "10", "object_repr": "Like by dirk", "action_flag": 1, "change_message": "[{\"added\": {}}]"}}, {"model": "admin.logentry", "pk": 37, "fields": {"action_time": "2024-06-04T11:21:33.780Z", "user": 1, "content_type": 16, "object_id": "11", "object_repr": "Like by jane", "action_flag": 1, "change_message": "[{\"added\": {}}]"}}, {"model": "admin.logentry", "pk": 38, "fields": {"action_time": "2024-06-04T11:21:41.408Z", "user": 1, "content_type": 16, "object_id": "12", "object_repr": "Like by jane", "action_flag": 1, "change_message": "[{\"added\": {}}]"}}, {"model": "admin.logentry", "pk": 39, "fields": {"action_time": "2024-06-04T11:21:48.725Z", "user": 1, "content_type": 16, "object_id": "13", "object_repr": "Like by jane", "action_flag": 1, "change_message": "[{\"added\": {}}]"}}, {"model": "admin.logentry", "pk": 40, "fields": {"action_time": "2024-06-04T11:21:55.656Z", "user": 1, "content_type": 16, "object_id": "14", "object_repr": "Like by peter_123", "action_flag": 1, "change_message": "[{\"added\": {}}]"}}, {"model": "admin.logentry", "pk": 41, "fields": {"action_time": "2024-06-04T11:22:06.088Z", "user": 1, "content_type": 16, "object_id": "15", "object_repr": "Like by peter_123", "action_flag": 1, "change_message": "[{\"added\": {}}]"}}, {"model": "admin.logentry", "pk": 42, "fields": {"action_time": "2024-06-04T11:22:22.633Z", "user": 1, "content_type": 17, "object_id": "3", "object_repr": "Subscription by benibschafer", "action_flag": 1, "change_message": "[{\"added\": {}}]"}}, {"model": "admin.logentry", "pk": 43, "fields": {"action_time": "2024-06-04T11:22:28.130Z", "user": 1, "content_type": 17, "object_id": "4", "object_repr": "Subscription by benibschafer", "action_flag": 1, "change_message": "[{\"added\": {}}]"}}, {"model": "admin.logentry", "pk": 44, "fields": {"action_time": "2024-06-04T11:22:33.830Z", "user": 1, "content_type": 17, "object_id": "5", "object_repr": "Subscription by benibschafer", "action_flag": 1, "change_message": "[{\"added\": {}}]"}}, {"model": "admin.logentry", "pk": 45, "fields": {"action_time": "2024-06-04T11:22:39.709Z", "user": 1, "content_type": 17, "object_id": "6", "object_repr": "Subscription by dirk", "action_flag": 1, "change_message": "[{\"added\": {}}]"}}, {"model": "admin.logentry", "pk": 46, "fields": {"action_time": "2024-06-04T11:22:45.915Z", "user": 1, "content_type": 17, "object_id": "7", "object_repr": "Subscription by benibschafer", "action_flag": 1, "change_message": "[{\"added\": {}}]"}}, {"model": "admin.logentry", "pk": 47, "fields": {"action_time": "2024-06-04T11:22:52.249Z", "user": 1, "content_type": 17, "object_id": "8", "object_repr": "Subscription by dirk", "action_flag": 1, "change_message": "[{\"added\": {}}]"}}, {"model": "admin.logentry", "pk": 48, "fields": {"action_time": "2024-06-04T11:23:04.396Z", "user": 1, "content_type": 17, "object_id": "9", "object_repr": "Subscription by jane", "action_flag": 1, "change_message": "[{\"added\": {}}]"}}, {"model": "admin.logentry", "pk": 49, "fields": {"action_time": "2024-06-04T11:23:10.515Z", "user": 1, "content_type": 17, "object_id": "10", "object_repr": "Subscription by jane", "action_flag": 1, "change_message": "[{\"added\": {}}]"}}, {"model": "admin.logentry", "pk": 50, "fields": {"action_time": "2024-06-04T11:23:15.797Z", "user": 1, "content_type": 17, "object_id": "11", "object_repr": "Subscription by peter_123", "action_flag": 1, "change_message": "[{\"added\": {}}]"}}, {"model": "admin.logentry", "pk": 51, "fields": {"action_time": "2024-06-04T11:23:22.392Z", "user": 1, "content_type": 17, "object_id": "12", "object_repr": "Subscription by peter_123", "action_flag": 1, "change_message": "[{\"added\": {}}]"}}, {"model": "admin.logentry", "pk": 52, "fields": {"action_time": "2024-06-04T11:23:59.588Z", "user": 1, "content_type": 15, "object_id": "16", "object_repr": "Comment Thanks so much for sharing!! by benibschafer", "action_flag": 1, "change_message": "[{\"added\": {}}]"}}, {"model": "admin.logentry", "pk": 53, "fields": {"action_time": "2024-06-04T11:24:48.114Z", "user": 1, "content_type": 15, "object_id": "17", "object_repr": "Comment Awesome schedule!! have a drink 🍻 by dirk", "action_flag": 1, "change_message": "[{\"added\": {}}]"}}, {"model": "admin.logentry", "pk": 54, "fields": {"action_time": "2024-06-04T11:25:12.543Z", "user": 1, "content_type": 15, "object_id": "18", "object_repr": "Comment I feel like some dates are missing ... by dirk", "action_flag": 1, "change_message": "[{\"added\": {}}]"}}, {"model": "admin.logentry", "pk": 55, "fields": {"action_time": "2024-06-04T11:25:45.232Z", "user": 1, "content_type": 15, "object_id": "19", "object_repr": "Comment Thank you dirk!! by benibschafer", "action_flag": 1, "change_message": "[{\"added\": {}}]"}}, {"model": "admin.logentry", "pk": 56, "fields": {"action_time": "2024-06-04T11:26:48.183Z", "user": 1, "content_type": 15, "object_id": "20", "object_repr": "Comment does anyone know how we can dispose of dangerous waste? by jane", "action_flag": 1, "change_message": "[{\"added\": {}}]"}}, {"model": "admin.logentry", "pk": 57, "fields": {"action_time": "2024-06-04T11:27:31.969Z", "user": 1, "content_type": 15, "object_id": "21", "object_repr": "Comment feels a bit empty to me? \r\nI'll make a new one if anyone is interested.. by peter_123", "action_flag": 1, "change_message": "[{\"added\": {}}]"}}, {"model": "admin.logentry", "pk": 58, "fields": {"action_time": "2024-06-04T12:01:08.461Z", "user": 1, "content_type": 13, "object_id": "1", "object_repr": "Clean Grub", "action_flag": 2, "change_message": "[{\"changed\": {\"fields\": [\"Locations\"]}}]"}}, {"model": "auth.permission", "pk": 1, "fields": {"name": "Can add log entry", "content_type": 1, "codename": "add_logentry"}}, {"model": "auth.permission", "pk": 2, "fields": {"name": "Can change log entry", "content_type": 1, "codename": "change_logentry"}}, {"model": "auth.permission", "pk": 3, "fields": {"name": "Can delete log entry", "content_type": 1, "codename": "delete_logentry"}}, {"model": "auth.permission", "pk": 4, "fields": {"name": "Can view log entry", "content_type": 1, "codename": "view_logentry"}}, {"model": "auth.permission", "pk": 5, "fields": {"name": "Can add permission", "content_type": 2, "codename": "add_permission"}}, {"model": "auth.permission", "pk": 6, "fields": {"name": "Can change permission", "content_type": 2, "codename": "change_permission"}}, {"model": "auth.permission", "pk": 7, "fields": {"name": "Can delete permission", "content_type": 2, "codename": "delete_permission"}}, {"model": "auth.permission", "pk": 8, "fields": {"name": "Can view permission", "content_type": 2, "codename": "view_permission"}}, {"model": "auth.permission", "pk": 9, "fields": {"name": "Can add group", "content_type": 3, "codename": "add_group"}}, {"model": "auth.permission", "pk": 10, "fields": {"name": "Can change group", "content_type": 3, "codename": "change_group"}}, {"model": "auth.permission", "pk": 11, "fields": {"name": "Can delete group", "content_type": 3, "codename": "delete_group"}}, {"model": "auth.permission", "pk": 12, "fields": {"name": "Can view group", "content_type": 3, "codename": "view_group"}}, {"model": "auth.permission", "pk": 13, "fields": {"name": "Can add user", "content_type": 4, "codename": "add_user"}}, {"model": "auth.permission", "pk": 14, "fields": {"name": "Can change user", "content_type": 4, "codename": "change_user"}}, {"model": "auth.permission", "pk": 15, "fields": {"name": "Can delete user", "content_type": 4, "codename": "delete_user"}}, {"model": "auth.permission", "pk": 16, "fields": {"name": "Can view user", "content_type": 4, "codename": "view_user"}}, {"model": "auth.permission", "pk": 17, "fields": {"name": "Can add content type", "content_type": 5, "codename": "add_contenttype"}}, {"model": "auth.permission", "pk": 18, "fields": {"name": "Can change content type", "content_type": 5, "codename": "change_contenttype"}}, {"model": "auth.permission", "pk": 19, "fields": {"name": "Can delete content type", "content_type": 5, "codename": "delete_contenttype"}}, {"model": "auth.permission", "pk": 20, "fields": {"name": "Can view content type", "content_type": 5, "codename": "view_contenttype"}}, {"model": "auth.permission", "pk": 21, "fields": {"name": "Can add session", "content_type": 6, "codename": "add_session"}}, {"model": "auth.permission", "pk": 22, "fields": {"name": "Can change session", "content_type": 6, "codename": "change_session"}}, {"model": "auth.permission", "pk": 23, "fields": {"name": "Can delete session", "content_type": 6, "codename": "delete_session"}}, {"model": "auth.permission", "pk": 24, "fields": {"name": "Can view session", "content_type": 6, "codename": "view_session"}}, {"model": "auth.permission", "pk": 25, "fields": {"name": "Can add site", "content_type": 7, "codename": "add_site"}}, {"model": "auth.permission", "pk": 26, "fields": {"name": "Can change site", "content_type": 7, "codename": "change_site"}}, {"model": "auth.permission", "pk": 27, "fields": {"name": "Can delete site", "content_type": 7, "codename": "delete_site"}}, {"model": "auth.permission", "pk": 28, "fields": {"name": "Can view site", "content_type": 7, "codename": "view_site"}}, {"model": "auth.permission", "pk": 29, "fields": {"name": "Can add email address", "content_type": 8, "codename": "add_emailaddress"}}, {"model": "auth.permission", "pk": 30, "fields": {"name": "Can change email address", "content_type": 8, "codename": "change_emailaddress"}}, {"model": "auth.permission", "pk": 31, "fields": {"name": "Can delete email address", "content_type": 8, "codename": "delete_emailaddress"}}, {"model": "auth.permission", "pk": 32, "fields": {"name": "Can view email address", "content_type": 8, "codename": "view_emailaddress"}}, {"model": "auth.permission", "pk": 33, "fields": {"name": "Can add email confirmation", "content_type": 9, "codename": "add_emailconfirmation"}}, {"model": "auth.permission", "pk": 34, "fields": {"name": "Can change email confirmation", "content_type": 9, "codename": "change_emailconfirmation"}}, {"model": "auth.permission", "pk": 35, "fields": {"name": "Can delete email confirmation", "content_type": 9, "codename": "delete_emailconfirmation"}}, {"model": "auth.permission", "pk": 36, "fields": {"name": "Can view email confirmation", "content_type": 9, "codename": "view_emailconfirmation"}}, {"model": "auth.permission", "pk": 37, "fields": {"name": "Can add social application", "content_type": 10, "codename": "add_socialapp"}}, {"model": "auth.permission", "pk": 38, "fields": {"name": "Can change social application", "content_type": 10, "codename": "change_socialapp"}}, {"model": "auth.permission", "pk": 39, "fields": {"name": "Can delete social application", "content_type": 10, "codename": "delete_socialapp"}}, {"model": "auth.permission", "pk": 40, "fields": {"name": "Can view social application", "content_type": 10, "codename": "view_socialapp"}}, {"model": "auth.permission", "pk": 41, "fields": {"name": "Can add social account", "content_type": 11, "codename": "add_socialaccount"}}, {"model": "auth.permission", "pk": 42, "fields": {"name": "Can change social account", "content_type": 11, "codename": "change_socialaccount"}}, {"model": "auth.permission", "pk": 43, "fields": {"name": "Can delete social account", "content_type": 11, "codename": "delete_socialaccount"}}, {"model": "auth.permission", "pk": 44, "fields": {"name": "Can view social account", "content_type": 11, "codename": "view_socialaccount"}}, {"model": "auth.permission", "pk": 45, "fields": {"name": "Can add social application token", "content_type": 12, "codename": "add_socialtoken"}}, {"model": "auth.permission", "pk": 46, "fields": {"name": "Can change social application token", "content_type": 12, "codename": "change_socialtoken"}}, {"model": "auth.permission", "pk": 47, "fields": {"name": "Can delete social application token", "content_type": 12, "codename": "delete_socialtoken"}}, {"model": "auth.permission", "pk": 48, "fields": {"name": "Can view social application token", "content_type": 12, "codename": "view_socialtoken"}}, {"model": "auth.permission", "pk": 49, "fields": {"name": "Can add schedule", "content_type": 13, "codename": "add_schedule"}}, {"model": "auth.permission", "pk": 50, "fields": {"name": "Can change schedule", "content_type": 13, "codename": "change_schedule"}}, {"model": "auth.permission", "pk": 51, "fields": {"name": "Can delete schedule", "content_type": 13, "codename": "delete_schedule"}}, {"model": "auth.permission", "pk": 52, "fields": {"name": "Can view schedule", "content_type": 13, "codename": "view_schedule"}}, {"model": "auth.permission", "pk": 53, "fields": {"name": "Can add postal code", "content_type": 14, "codename": "add_postalcode"}}, {"model": "auth.permission", "pk": 54, "fields": {"name": "Can change postal code", "content_type": 14, "codename": "change_postalcode"}}, {"model": "auth.permission", "pk": 55, "fields": {"name": "Can delete postal code", "content_type": 14, "codename": "delete_postalcode"}}, {"model": "auth.permission", "pk": 56, "fields": {"name": "Can view postal code", "content_type": 14, "codename": "view_postalcode"}}, {"model": "auth.permission", "pk": 57, "fields": {"name": "Can add comment", "content_type": 15, "codename": "add_comment"}}, {"model": "auth.permission", "pk": 58, "fields": {"name": "Can change comment", "content_type": 15, "codename": "change_comment"}}, {"model": "auth.permission", "pk": 59, "fields": {"name": "Can delete comment", "content_type": 15, "codename": "delete_comment"}}, {"model": "auth.permission", "pk": 60, "fields": {"name": "Can view comment", "content_type": 15, "codename": "view_comment"}}, {"model": "auth.permission", "pk": 61, "fields": {"name": "Can add like", "content_type": 16, "codename": "add_like"}}, {"model": "auth.permission", "pk": 62, "fields": {"name": "Can change like", "content_type": 16, "codename": "change_like"}}, {"model": "auth.permission", "pk": 63, "fields": {"name": "Can delete like", "content_type": 16, "codename": "delete_like"}}, {"model": "auth.permission", "pk": 64, "fields": {"name": "Can view like", "content_type": 16, "codename": "view_like"}}, {"model": "auth.permission", "pk": 65, "fields": {"name": "Can add subscription", "content_type": 17, "codename": "add_subscription"}}, {"model": "auth.permission", "pk": 66, "fields": {"name": "Can change subscription", "content_type": 17, "codename": "change_subscription"}}, {"model": "auth.permission", "pk": 67, "fields": {"name": "Can delete subscription", "content_type": 17, "codename": "delete_subscription"}}, {"model": "auth.permission", "pk": 68, "fields": {"name": "Can view subscription", "content_type": 17, "codename": "view_subscription"}}, {"model": "auth.permission", "pk": 69, "fields": {"name": "Can add event", "content_type": 18, "codename": "add_event"}}, {"model": "auth.permission", "pk": 70, "fields": {"name": "Can change event", "content_type": 18, "codename": "change_event"}}, {"model": "auth.permission", "pk": 71, "fields": {"name": "Can delete event", "content_type": 18, "codename": "delete_event"}}, {"model": "auth.permission", "pk": 72, "fields": {"name": "Can view event", "content_type": 18, "codename": "view_event"}}, {"model": "auth.permission", "pk": 73, "fields": {"name": "Can add exception", "content_type": 19, "codename": "add_exception"}}, {"model": "auth.permission", "pk": 74, "fields": {"name": "Can change exception", "content_type": 19, "codename": "change_exception"}}, {"model": "auth.permission", "pk": 75, "fields": {"name": "Can delete exception", "content_type": 19, "codename": "delete_exception"}}, {"model": "auth.permission", "pk": 76, "fields": {"name": "Can view exception", "content_type": 19, "codename": "view_exception"}}, {"model": "auth.permission", "pk": 77, "fields": {"name": "Can add location", "content_type": 20, "codename": "add_location"}}, {"model": "auth.permission", "pk": 78, "fields": {"name": "Can change location", "content_type": 20, "codename": "change_location"}}, {"model": "auth.permission", "pk": 79, "fields": {"name": "Can delete location", "content_type": 20, "codename": "delete_location"}}, {"model": "auth.permission", "pk": 80, "fields": {"name": "Can view location", "content_type": 20, "codename": "view_location"}}, {"model": "auth.user", "pk": 1, "fields": {"password": "pbkdf2_sha256$600000$BfXUsmqiiXaiADyBIe3A32$GKWdIuXDPc9YVum4DJcez/sGmc6q8gBeX3aquRxtJG8=", "last_login": "2024-06-04T11:57:57.662Z", "is_superuser": true, "username": "benschaf", "first_name": "", "last_name": "", "email": "", "is_staff": true, "is_active": true, "date_joined": "2024-05-28T13:43:42.964Z", "groups": [], "user_permissions": []}}, {"model": "auth.user", "pk": 2, "fields": {"password": "!nmHc40j8Mr3je7ekCgcecSWShjf7nPLH9Q4FsHoP", "last_login": "2024-06-04T10:27:03.874Z", "is_superuser": false, "username": "benibschafer", "first_name": "", "last_name": "", "email": "benibschafer@gmail.com", "is_staff": false, "is_active": true, "date_joined": "2024-05-28T13:53:23.310Z", "groups": [], "user_permissions": []}}, {"model": "auth.user", "pk": 3, "fields": {"password": "pbkdf2_sha256$600000$jQm5WakBpsm59RlFo05Np7$zepe+KZlpGrSWHp0oKbpt6oPsbgvLcjOSePCFENKR9A=", "last_login": "2024-06-04T11:51:03.258Z", "is_superuser": false, "username": "dirk", "first_name": "", "last_name": "", "email": "", "is_staff": false, "is_active": true, "date_joined": "2024-05-28T13:54:56.480Z", "groups": [], "user_permissions": []}}, {"model": "auth.user", "pk": 4, "fields": {"password": "pbkdf2_sha256$600000$VEt0DVkV4uKmnLMBXRjKqa$aWddbY7jS396Zi3HkNcbjfp1tKC7871QvAlm517p5bE=", "last_login": "2024-06-04T12:03:57.064Z", "is_superuser": false, "username": "peter_123", "first_name": "", "last_name": "", "email": "", "is_staff": false, "is_active": true, "date_joined": "2024-06-04T11:00:13.403Z", "groups": [], "user_permissions": []}}, {"model": "auth.user", "pk": 5, "fields": {"password": "pbkdf2_sha256$600000$ZJv6PSQscUni7wWMJNqlhz$jprblCBr3PaWNpMOVvsJdfYCtLA2CvNgn8Nv7Ty/WIs=", "last_login": "2024-06-04T12:05:15.687Z", "is_superuser": false, "username": "jane", "first_name": "", "last_name": "", "email": "", "is_staff": false, "is_active": true, "date_joined": "2024-06-04T11:00:26.178Z", "groups": [], "user_permissions": []}}, {"model": "contenttypes.contenttype", "pk": 1, "fields": {"app_label": "admin", "model": "logentry"}}, {"model": "contenttypes.contenttype", "pk": 2, "fields": {"app_label": "auth", "model": "permission"}}, {"model": "contenttypes.contenttype", "pk": 3, "fields": {"app_label": "auth", "model": "group"}}, {"model": "contenttypes.contenttype", "pk": 4, "fields": {"app_label": "auth", "model": "user"}}, {"model": "contenttypes.contenttype", "pk": 5, "fields": {"app_label": "contenttypes", "model": "contenttype"}}, {"model": "contenttypes.contenttype", "pk": 6, "fields": {"app_label": "sessions", "model": "session"}}, {"model": "contenttypes.contenttype", "pk": 7, "fields": {"app_label": "sites", "model": "site"}}, {"model": "contenttypes.contenttype", "pk": 8, "fields": {"app_label": "account", "model": "emailaddress"}}, {"model": "contenttypes.contenttype", "pk": 9, "fields": {"app_label": "account", "model": "emailconfirmation"}}, {"model": "contenttypes.contenttype", "pk": 10, "fields": {"app_label": "socialaccount", "model": "socialapp"}}, {"model": "contenttypes.contenttype", "pk": 11, "fields": {"app_label": "socialaccount", "model": "socialaccount"}}, {"model": "contenttypes.contenttype", "pk": 12, "fields": {"app_label": "socialaccount", "model": "socialtoken"}}, {"model": "contenttypes.contenttype", "pk": 13, "fields": {"app_label": "wasteschedules", "model": "schedule"}}, {"model": "contenttypes.contenttype", "pk": 14, "fields": {"app_label": "wasteschedules", "model": "postalcode"}}, {"model": "contenttypes.contenttype", "pk": 15, "fields": {"app_label": "wasteschedules", "model": "comment"}}, {"model": "contenttypes.contenttype", "pk": 16, "fields": {"app_label": "wasteschedules", "model": "like"}}, {"model": "contenttypes.contenttype", "pk": 17, "fields": {"app_label": "wasteschedules", "model": "subscription"}}, {"model": "contenttypes.contenttype", "pk": 18, "fields": {"app_label": "schedulebuilder", "model": "event"}}, {"model": "contenttypes.contenttype", "pk": 19, "fields": {"app_label": "schedulebuilder", "model": "exception"}}, {"model": "contenttypes.contenttype", "pk": 20, "fields": {"app_label": "wasteschedules", "model": "location"}}, {"model": "sessions.session", "pk": "1vl9141sslvcyw2l61qsi91ka1dnswg2", "fields": {"session_data": ".eJxVjstuwyAQRf-FdYQGzMN42X2-AY1hiGkriAyWWkX599iRF-3yvo7ug3nc-uK3RqvPkU1Ms8tfb8bwReUI4ieWW-Whlr7mmR8VfqaNX2uk74-z-w-wYFv2tYtKWJBJoJbjQAnAjAYGM8ddKZOc0nMUSY5OhjEZUIMlsNJEVIMGTDsUQ6hb6W82lZ4DdooeO5uEFVaDA225kk6B0_uFRq3lWjz93PP6yyZ4vgC8gUxc:1sEUYz:vtqgprTgpszFtqOTriSWBzfEJqIWbxOGjHqK9UW-q9Y", "expire_date": "2024-06-18T13:50:57.430Z"}}, {"model": "sessions.session", "pk": "2riauramjkmqsrr7aamycdrqh377120o", "fields": {"session_data": ".eJxVjMsOwiAQRf-FtSE8xjK4dO83EGAGqRqalHZl_HdD0oVu7znnvkWI-1bD3nkNM4mL0OL0u6WYn9wGoEds90XmpW3rnORQ5EG7vC3Er-vh_h3U2OuolUEoyCnZM5LzzrFl9gCg0aAiVhBLipOxyIYwJ81mclZ58JpdYfH5At3nN7o:1sERrK:1hmVjxm3zo6ieM6cXMvNuN_099-Evld3kJ3Cvq06-94", "expire_date": "2024-06-18T10:57:42.613Z"}}, {"model": "sessions.session", "pk": "31myc5vqbt7trpty7t69z4qk3i1fal7o", "fields": {"session_data": ".eJxVkM1uhDAMhN_FZ0RJAvnhuIdKPfTeVVVFwQlLWpogEtStVvvuDRWXvdkzny17bpAiejMbxLiFrFM22UH_foPgrhl6eIIKljWiS6l0c7z4UJSEcSkYlNJsedKLWc33DsC9guezpZs_k0jfup_uRcFHBfof25JbtbeFY_CgDQa_XNgN-2nCJdYYQ179UO9Ifbipfo3WzaeDfVgwmTSVaUSFKNrOshFx4JxJ2jRFGoWUjRqJa0fGBJdKGe7aRowUqeXOoVUdl5bu_xxJ7LtdyB5LIFabkgURRHBCFGtryQgRtCsnpBKMj0G76-LXX-ib-x_K9W6C:1sEvKI:jTRsyssNbx284q6raMhpwddWk_6LIQhbjVW6_q5ufmI", "expire_date": "2024-06-19T18:25:34.832Z"}}, {"model": "sessions.session", "pk": "3srmt25qnyaeckx5ck2zm177x29acly4", "fields": {"session_data": ".eJxVjssOwiAURP-FtSE8Wh5duvcbCL1cLGrAFJpojP8uGhe6nTlzMg_i_NYWt1VcXQpkIpLsfrPZwxnzuwgnn4-FQsltTTN9I_TbVnooAS_7L_snWHxd-hrAAuhhDDICzEpJIxjrUdTGMBs5DlFKrYy1XuHAdBQggkKEYEdlguhSD1C23D5uzC2Bbxicb2TimutOKS6pMMZIrvuFirWmkh3ermm9k4k9X0kiTaU:1sEk3Z:BzhR2MHghjMRYDyMDFjnhRfqJYM5Of27QCBKuunxW9c", "expire_date": "2024-06-19T06:23:33.289Z"}}, {"model": "sessions.session", "pk": "4bmprhn4dst3h1k3tpqhun154zf4wfzd", "fields": {"session_data": ".eJxVjMsOwiAQRf-FtSE8xjK4dO83EGAGqRqalHZl_HdD0oVu7znnvkWI-1bD3nkNM4mL0OL0u6WYn9wGoEds90XmpW3rnORQ5EG7vC3Er-vh_h3U2OuolUEoyCnZM5LzzrFl9gCg0aAiVhBLipOxyIYwJ81mclZ58JpdYfH5At3nN7o:1sERrJ:dWcEl9SUfExYlaKef5E4HTmfVzgv_wqVL-IP25mX27Y", "expire_date": "2024-06-18T10:57:41.970Z"}}, {"model": "sessions.session", "pk": "73bd08boz35jdiaiqivj85t4izhbl16w", "fields": {"session_data": ".eJxVjMsOwiAQRf-FtSE8xjK4dO83EGAGqRqalHZl_HdD0oVu7znnvkWI-1bD3nkNM4mL0OL0u6WYn9wGoEds90XmpW3rnORQ5EG7vC3Er-vh_h3U2OuolUEoyCnZM5LzzrFl9gCg0aAiVhBLipOxyIYwJ81mclZ58JpdYfH5At3nN7o:1sERrJ:dWcEl9SUfExYlaKef5E4HTmfVzgv_wqVL-IP25mX27Y", "expire_date": "2024-06-18T10:57:41.900Z"}}, {"model": "sessions.session", "pk": "8vwar104ckyazj67xjhefkqcqsraotp7", "fields": {"session_data": ".eJxVjs2OAiEQhN-FsyENw8_MHL37DKQHGgc1YAYm0Wz23Rc3HvTW1VX1pX6Yw72tbq-0uRTYzDQ7fP4W9FfKLyNcMJ8L9yW3LS38FeFvt_JTCXQ7vrNfgBXr2ttTUMKCjAK1HAeKAGY0MJgldKVMnJRegohynKQfowE1WAIrTUA1aMDYoeh92XP7Z1NuyWOj4LCxWVhhNUgrNO-XkJPsEyrVmkp29Lin7clm-P0Du2pMUg:1sESuh:qVLhpgbPYp-OzZvFUOf-7nArNiPd3GLvzDpQM0xlx_o", "expire_date": "2024-06-18T12:05:15.717Z"}}, {"model": "sessions.session", "pk": "cers8iqchbvivpevn1xhd9po4xx85frl", "fields": {"session_data": ".eJxVjssOwiAURP-FtSG8CrRL934DucCtRQ2YQhON8d9tTRe6nTNzMi_iYGmTWyrOLkUyEE4Ov5mHcMW8gXiBfC40lNzm5OlWoTut9FQi3o57908wQZ22NRNWjRa9l52NpjcGJWKvlOJWWBaRKRg9aCEtimiD5yi0kaxXPUcz4iqFEMqS29eNuaUADaODRgZuuFFWcimplqLTfH1QsdZUssPHPc1PMrD3B8laTO8:1sENor:iYxlFXmNsEI85Z3qxuCSbs5cydyzziWSJU0tRLX9aOw", "expire_date": "2024-06-18T06:38:53.633Z"}}, {"model": "sessions.session", "pk": "gyohn6xc3c2jluxsgv7yf9i3gqkuymcs", "fields": {"session_data": ".eJxVjMsOwiAQRf-FtSE8xjK4dO83EGAGqRqalHZl_HdD0oVu7znnvkWI-1bD3nkNM4mL0OL0u6WYn9wGoEds90XmpW3rnORQ5EG7vC3Er-vh_h3U2OuolUEoyCnZM5LzzrFl9gCg0aAiVhBLipOxyIYwJ81mclZ58JpdYfH5At3nN7o:1sERrL:VGDCq5j-VrKhct8dNgD1v6lh-Ywy9SAYEKQd3DEjCmM", "expire_date": "2024-06-18T10:57:43.139Z"}}, {"model": "sessions.session", "pk": "qki1i43eyvrol1ge6tn41nqkevc7dchi", "fields": {"session_data": ".eJxVjMsOwiAQRf-FtSE8xjK4dO83EGAGqRqalHZl_HdD0oVu7znnvkWI-1bD3nkNM4mL0OL0u6WYn9wGoEds90XmpW3rnORQ5EG7vC3Er-vh_h3U2OuolUEoyCnZM5LzzrFl9gCg0aAiVhBLipOxyIYwJ81mclZ58JpdYfH5At3nN7o:1sERrK:1hmVjxm3zo6ieM6cXMvNuN_099-Evld3kJ3Cvq06-94", "expire_date": "2024-06-18T10:57:42.392Z"}}, {"model": "sessions.session", "pk": "tdbi70uooggjhhzwt77c6fxdjvywwf26", "fields": {"session_data": "eyJzb2NpYWxhY2NvdW50X3N0YXRlIjpbeyJuZXh0IjoiLyIsInByb2Nlc3MiOiJsb2dpbiIsInNjb3BlIjoiIiwiYXV0aF9wYXJhbXMiOiIifSwiRllkMnVpWTFvMlg1dzVJOSJdfQ:1sDM9e:fDksvsr8Cg3kSvd5PYQwaY5fWmScQowOYbzk_KjonIw", "expire_date": "2024-06-15T10:40:06.705Z"}}, {"model": "sessions.session", "pk": "utkk1sjvzge3tt35zoz9pyev3phve9bp", "fields": {"session_data": ".eJxVjssOwiAURP-FtSG8yqNL934DoZeLRQ2YQhON8d-txoVu58yczIP4sPbZrw0XnyMZiSS732wKcMbyBvEUyrFSqKUveaLvCv3SRg814mX_7f4J5tDmbQ3gAIwaokwAk9bSCsa2KBlrmUscVZLSaOtc0KiYSQJE1IgQ3aBtFJs0ANS19I8bS88QOkYfOhm54UZzwbililvutNouNGwt1-Lxds3LnYzs-QJHOE2W:1sEvLe:yVLBtPujNClmKlW1C8sLSAimonfd6qwjgQO39rtnwzA", "expire_date": "2024-06-19T18:26:58.419Z"}}, {"model": "sessions.session", "pk": "vbjp8l30f97x7dtl5zozhxkp8cg8uf6k", "fields": {"session_data": ".eJxVjstuwyAQRf-FdYWGN_Yy-34DGsNQk0RQGSy1ivLvcaIs2uV9Hd0bC7iPNeydtlASm5lhH3-9BeOF6jNIZ6xfjcdWx1YW_qzwd9r5Z0t0Pb27_wAr9vVYT0kLBzILNNIrygDWW1B2SYfSNk_aLElk6ScZfbaglSNw0ibUygDmA4oxtr2OF5vqKBEHpYCDzcIJZ-ykNHAhjXTeHRc69V5aDfTzXbZfNsP9AbyLTFw:1sEkFI:z3NJ7KIkC4Gcbu3fKVV_mUI2sIHo44MPYJ7PicA9Nbc", "expire_date": "2024-06-19T06:35:40.126Z"}}, {"model": "sessions.session", "pk": "xu59whhdui4rpaq7mp20jfjanjy2acg7", "fields": {"session_data": ".eJxVjMsOwiAQRf-FtSE8xjK4dO83EGAGqRqalHZl_HdD0oVu7znnvkWI-1bD3nkNM4mL0OL0u6WYn9wGoEds90XmpW3rnORQ5EG7vC3Er-vh_h3U2OuolUEoyCnZM5LzzrFl9gCg0aAiVhBLipOxyIYwJ81mclZ58JpdYfH5At3nN7o:1sERrK:1hmVjxm3zo6ieM6cXMvNuN_099-Evld3kJ3Cvq06-94", "expire_date": "2024-06-18T10:57:42.186Z"}}, {"model": "sessions.session", "pk": "y3ptn650ohsu85oxvsxrbuk2olagtcqp", "fields": {"session_data": ".eJxVjs2uwiAUhN-FtSH8HAt06d5nIAc4tdxrwBSaaIzvrjUudDvfzJe5M49rn_3aaPE5sZFJtvvOAsZ_KhtIf1hOlcda-pID3yr8Qxs_1kTnw6f7I5ixzdtaKAuTpRD03ibjjCFN5ABAWmVFIgE4BRyUtqSSjUGSGowWDpwkM9FLijHWtfS3m0rPETslj52N0kgDQoAB7rTTEobXhUat5Vo8XS95ubFRPJ4Tbk0o:1sE2Je:7_xlb1hboTXNuJ61Kgeiaw6G0gv2t0FWYCA-9P-PHHQ", "expire_date": "2024-06-17T07:41:14.940Z"}}, {"model": "sessions.session", "pk": "zp7022bs7j8z9hwmvxmdv9jcqz1benwd", "fields": {"session_data": ".eJxVjMsOwiAQRf-FtSHA8KpL934DGRiwVQNJS1fGf7c1Xej2nnvOiwVc-xjWJc9hInZmip1-t4jpkesO6I711nhqtc9T5PuFH3Th10b5eTm-f4ERl3G3bUpFCALjrTOJtFEoYpQEzuRBZhJESkbtwTpbMhWHGjwAFbU5CrcoptTW2r_tXPuUsGcK2NlZOukUDFpJrqXwg4P3B3l4Rlk:1sDMQ1:BG5skl7MMObR_v4skwlAlyZ4sYtlTYzQozf5EPZv9X0", "expire_date": "2024-06-15T10:57:01.411Z"}}, {"model": "sites.site", "pk": 1, "fields": {"domain": "example.com", "name": "example.com"}}, {"model": "sites.site", "pk": 2, "fields": {"domain": "localhost:8000", "name": "localhost"}}, {"model": "sites.site", "pk": 3, "fields": {"domain": "https://tonne-waste-reminders-a6836f2888b0.herokuapp.com/", "name": "heroku"}}, {"model": "account.emailaddress", "pk": 1, "fields": {"user": 2, "email": "benibschafer@gmail.com", "verified": true, "primary": true}}, {"model": "socialaccount.socialapp", "pk": 1, "fields": {"provider": "google", "provider_id": "", "name": "Django Google  waste App", "client_id": "66242877620-fn7bpn395ojnlcrlaj7q04neqbig09vl.apps.googleusercontent.com", "secret": "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", "key": "", "settings": {}, "sites": [1, 3, 2]}}, {"model": "socialaccount.socialaccount", "pk": 1, "fields": {"user": 2, "provider": "google", "uid": "103800194292996698315", "last_login": "2024-06-04T10:27:03.641Z", "date_joined": "2024-05-28T13:53:23.470Z", "extra_data": "{\"iss\": \"https://accounts.google.com\", \"azp\": \"66242877620-fn7bpn395ojnlcrlaj7q04neqbig09vl.apps.googleusercontent.com\", \"aud\": \"66242877620-fn7bpn395ojnlcrlaj7q04neqbig09vl.apps.googleusercontent.com\", \"sub\": \"103800194292996698315\", \"email\": \"benibschafer@gmail.com\", \"email_verified\": true, \"at_hash\": \"Qz2gfFd3lhRX9l5ofhPZiw\", \"iat\": 1717496823, \"exp\": 1717500423}"}}, {"model": "wasteschedules.schedule", "pk": 1, "fields": {"title": "Clean Grub", "slug": "clean-grub", "author": 1, "description": "Hi neighbours - I hope I can help to keep our streets clean with this schedule a bit.\r\n\r\nall the best\r\n- beni", "image": "image/upload/placeholder", "created_on": "2024-05-28T13:45:54.736Z", "updated_on": "2024-06-04T12:01:42.329Z", "locations": [2]}}, {"model": "wasteschedules.schedule", "pk": 10, "fields": {"title": "Öhningen the cleanest", "slug": "oehningen-the-cleanest", "author": 5, "description": "Hi peeps\r\nReally hope that this will make a difference!\r\n\r\ngo öhningen!", "image": "image/upload/v1717499121/icnbbnqoocmvvbv4eghf.png", "created_on": "2024-06-04T11:05:22.228Z", "updated_on": "2024-06-04T11:05:45.627Z", "locations": [3]}}, {"model": "wasteschedules.schedule", "pk": 11, "fields": {"title": "Kleingarnstadt", "slug": "kleingarnstadt", "author": 3, "description": "hope this helps 😅\r\n\r\nLet's meet up sometime to make sure everyone is on board!", "image": "image/upload/v1717499456/k6anku5auj0jlv3ktlng.png", "created_on": "2024-06-04T11:10:56.486Z", "updated_on": "2024-06-04T11:55:55.760Z", "locations": [4]}}, {"model": "wasteschedules.schedule", "pk": 12, "fields": {"title": "Öhningen (besser)", "slug": "oehningen-besser", "author": 4, "description": "... in the other Calendar the dates for Biomüll are not correct! make sure to use this one instead. thx", "image": "image/upload/v1717499574/ya1oyxxtbz0fzqzszslw.png", "created_on": "2024-06-04T11:12:55.365Z", "updated_on": "2024-06-04T12:04:10.324Z", "locations": [3]}}, {"model": "wasteschedules.schedule", "pk": 13, "fields": {"title": "DONNERSDORF", "slug": "donnersdorf", "author": 1, "description": "Hi peeps 💪\r\n\r\nI really hope this will finally help everyone to remember when they gotta put their trash out. \r\n\r\nleave a comment if something is missing :)", "image": "image/upload/v1717500004/bbjfda3vyngwoc1fmwde.png", "created_on": "2024-06-04T11:20:05.384Z", "updated_on": "2024-06-04T11:58:07.736Z", "locations": [5]}}, {"model": "wasteschedules.postalcode", "pk": 2, "fields": {"postal_code": "96271"}}, {"model": "wasteschedules.postalcode", "pk": 3, "fields": {"postal_code": "78337"}}, {"model": "wasteschedules.postalcode", "pk": 4, "fields": {"postal_code": "96237"}}, {"model": "wasteschedules.postalcode", "pk": 5, "fields": {"postal_code": "97499"}}, {"model": "wasteschedules.postalcode", "pk": 6, "fields": {"postal_code": "23455"}}, {"model": "wasteschedules.comment", "pk": 16, "fields": {"commented_by": 2, "schedule_id": 13, "body": "Thanks so much for sharing!!", "edited": false, "created_on": "2024-06-04T11:23:59.546Z"}}, {"model": "wasteschedules.comment", "pk": 17, "fields": {"commented_by": 3, "schedule_id": 13, "body": "Awesome schedule!! have a drink 🍻", "edited": true, "created_on": "2024-06-04T11:24:48.085Z"}}, {"model": "wasteschedules.comment", "pk": 18, "fields": {"commented_by": 3, "schedule_id": 10, "body": "I feel like some dates are missing ...", "edited": false, "created_on": "2024-06-04T11:25:12.516Z"}}, {"model": "wasteschedules.comment", "pk": 19, "fields": {"commented_by": 2, "schedule_id": 11, "body": "Thank you dirk!!", "edited": false, "created_on": "2024-06-04T11:25:45.192Z"}}, {"model": "wasteschedules.comment", "pk": 20, "fields": {"commented_by": 5, "schedule_id": 10, "body": "does anyone know how we can dispose of dangerous waste?", "edited": true, "created_on": "2024-06-04T11:26:48.147Z"}}, {"model": "wasteschedules.comment", "pk": 21, "fields": {"commented_by": 4, "schedule_id": 10, "body": "feels a bit empty to me? \r\nI'll make a new one if anyone is interested..", "edited": true, "created_on": "2024-06-04T11:27:31.943Z"}}, {"model": "wasteschedules.comment", "pk": 22, "fields": {"commented_by": 3, "schedule_id": 11, "body": "no problem :D", "edited": false, "created_on": "2024-06-04T11:56:52.031Z"}}, {"model": "wasteschedules.comment", "pk": 23, "fields": {"commented_by": 1, "schedule_id": 13, "body": "thanks guys :D", "edited": false, "created_on": "2024-06-04T11:59:05.078Z"}}, {"model": "wasteschedules.comment", "pk": 24, "fields": {"commented_by": 1, "schedule_id": 1, "body": "I feel like Biomüll is always cancelling because noone orders it....", "edited": false, "created_on": "2024-06-04T12:02:57.757Z"}}, {"model": "wasteschedules.comment", "pk": 25, "fields": {"commented_by": 4, "schedule_id": 12, "body": "I am telling you! this is better. ...", "edited": false, "created_on": "2024-06-04T12:05:01.747Z"}}, {"model": "wasteschedules.comment", "pk": 26, "fields": {"commented_by": 5, "schedule_id": 10, "body": "oh sorry guys - i just forgot to add the dates- -- will get to it as soon as i can", "edited": false, "created_on": "2024-06-04T12:05:45.206Z"}}, {"model": "wasteschedules.comment", "pk": 27, "fields": {"commented_by": 5, "schedule_id": 11, "body": "fdas", "edited": false, "created_on": "2024-06-05T07:03:19.588Z"}}, {"model": "wasteschedules.comment", "pk": 29, "fields": {"commented_by": 5, "schedule_id": 13, "body": "fdasf", "edited": false, "created_on": "2024-06-05T07:15:48.866Z"}}, {"model": "wasteschedules.comment", "pk": 30, "fields": {"commented_by": 3, "schedule_id": 1, "body": "Does anyone have a schedule image for this? Would be much apprechiated, thx!!!", "edited": false, "created_on": "2024-06-05T18:37:32.336Z"}}, {"model": "wasteschedules.like", "pk": 2, "fields": {"liked_by": 1, "schedule_id": 1, "created_on": "2024-06-01T10:49:16.565Z"}}, {"model": "wasteschedules.like", "pk": 5, "fields": {"liked_by": 2, "schedule_id": 13, "created_on": "2024-06-04T11:20:50.212Z"}}, {"model": "wasteschedules.like", "pk": 6, "fields": {"liked_by": 2, "schedule_id": 12, "created_on": "2024-06-04T11:20:58.802Z"}}, {"model": "wasteschedules.like", "pk": 7, "fields": {"liked_by": 2, "schedule_id": 11, "created_on": "2024-06-04T11:21:04.592Z"}}, {"model": "wasteschedules.like", "pk": 8, "fields": {"liked_by": 2, "schedule_id": 1, "created_on": "2024-06-04T11:21:11.736Z"}}, {"model": "wasteschedules.like", "pk": 9, "fields": {"liked_by": 3, "schedule_id": 11, "created_on": "2024-06-04T11:21:21.626Z"}}, {"model": "wasteschedules.like", "pk": 10, "fields": {"liked_by": 3, "schedule_id": 1, "created_on": "2024-06-04T11:21:28.034Z"}}, {"model": "wasteschedules.like", "pk": 11, "fields": {"liked_by": 5, "schedule_id": 13, "created_on": "2024-06-04T11:21:33.751Z"}}, {"model": "wasteschedules.like", "pk": 12, "fields": {"liked_by": 5, "schedule_id": 11, "created_on": "2024-06-04T11:21:41.380Z"}}, {"model": "wasteschedules.like", "pk": 13, "fields": {"liked_by": 5, "schedule_id": 1, "created_on": "2024-06-04T11:21:48.695Z"}}, {"model": "wasteschedules.like", "pk": 14, "fields": {"liked_by": 4, "schedule_id": 10, "created_on": "2024-06-04T11:21:55.631Z"}}, {"model": "wasteschedules.like", "pk": 15, "fields": {"liked_by": 4, "schedule_id": 12, "created_on": "2024-06-04T11:22:06.061Z"}}, {"model": "wasteschedules.like", "pk": 16, "fields": {"liked_by": 1, "schedule_id": 12, "created_on": "2024-06-04T11:47:35.024Z"}}, {"model": "wasteschedules.subscription", "pk": 1, "fields": {"subscribed_by": 1, "schedule_id": 1, "subscribed_on": "2024-05-31T05:54:49.379Z"}}, {"model": "wasteschedules.subscription", "pk": 3, "fields": {"subscribed_by": 2, "schedule_id": 13, "subscribed_on": "2024-06-04T11:22:22.591Z"}}, {"model": "wasteschedules.subscription", "pk": 4, "fields": {"subscribed_by": 2, "schedule_id": 12, "subscribed_on": "2024-06-04T11:22:28.103Z"}}, {"model": "wasteschedules.subscription", "pk": 5, "fields": {"subscribed_by": 2, "schedule_id": 11, "subscribed_on": "2024-06-04T11:22:33.799Z"}}, {"model": "wasteschedules.subscription", "pk": 6, "fields": {"subscribed_by": 3, "schedule_id": 10, "subscribed_on": "2024-06-04T11:22:39.682Z"}}, {"model": "wasteschedules.subscription", "pk": 7, "fields": {"subscribed_by": 2, "schedule_id": 1, "subscribed_on": "2024-06-04T11:22:45.887Z"}}, {"model": "wasteschedules.subscription", "pk": 8, "fields": {"subscribed_by": 3, "schedule_id": 11, "subscribed_on": "2024-06-04T11:22:52.218Z"}}, {"model": "wasteschedules.subscription", "pk": 9, "fields": {"subscribed_by": 5, "schedule_id": 1, "subscribed_on": "2024-06-04T11:23:04.364Z"}}, {"model": "wasteschedules.subscription", "pk": 10, "fields": {"subscribed_by": 5, "schedule_id": 11, "subscribed_on": "2024-06-04T11:23:10.478Z"}}, {"model": "wasteschedules.subscription", "pk": 11, "fields": {"subscribed_by": 4, "schedule_id": 12, "subscribed_on": "2024-06-04T11:23:15.769Z"}}, {"model": "wasteschedules.subscription", "pk": 12, "fields": {"subscribed_by": 4, "schedule_id": 10, "subscribed_on": "2024-06-04T11:23:22.365Z"}}, {"model": "schedulebuilder.event", "pk": 8, "fields": {"schedule_id": 1, "js_event_id": "1", "kind": 0, "date": "2024-07-03", "recurring_type": null, "separation_count": null, "rrule_start": null, "until": null, "created_on": "2024-05-31T05:53:43.413Z"}}, {"model": "schedulebuilder.event", "pk": 9, "fields": {"schedule_id": 1, "js_event_id": "2", "kind": 4, "date": "2024-06-27", "recurring_type": null, "separation_count": null, "rrule_start": null, "until": null, "created_on": "2024-05-31T05:53:43.783Z"}}, {"model": "schedulebuilder.event", "pk": 10, "fields": {"schedule_id": 1, "js_event_id": "3", "kind": 1, "date": "2024-05-18", "recurring_type": null, "separation_count": null, "rrule_start": null, "until": null, "created_on": "2024-05-31T05:53:44.142Z"}}, {"model": "schedulebuilder.event", "pk": 11, "fields": {"schedule_id": 1, "js_event_id": "31", "kind": 0, "date": "2024-06-06", "recurring_type": null, "separation_count": null, "rrule_start": null, "until": null, "created_on": "2024-06-03T13:32:25.509Z"}}, {"model": "schedulebuilder.event", "pk": 15, "fields": {"schedule_id": 11, "js_event_id": "1", "kind": 0, "date": "2024-07-02", "recurring_type": 2, "separation_count": 2, "rrule_start": "2024-06-04", "until": "2025-06-04", "created_on": "2024-06-04T11:56:35.206Z"}}, {"model": "schedulebuilder.event", "pk": 16, "fields": {"schedule_id": 11, "js_event_id": "2", "kind": 1, "date": "2024-06-25", "recurring_type": 2, "separation_count": 2, "rrule_start": "2024-06-11", "until": "2025-06-11", "created_on": "2024-06-04T11:56:35.583Z"}}, {"model": "schedulebuilder.event", "pk": 17, "fields": {"schedule_id": 11, "js_event_id": "3", "kind": 2, "date": "2024-06-27", "recurring_type": 2, "separation_count": 3, "rrule_start": "2024-06-06", "until": "2025-06-06", "created_on": "2024-06-04T11:56:35.846Z"}}, {"model": "schedulebuilder.event", "pk": 18, "fields": {"schedule_id": 13, "js_event_id": "1", "kind": 4, "date": "2024-06-28", "recurring_type": 2, "separation_count": 3, "rrule_start": "2024-06-07", "until": "2025-06-07", "created_on": "2024-06-04T11:58:40.020Z"}}, {"model": "schedulebuilder.event", "pk": 19, "fields": {"schedule_id": 13, "js_event_id": "2", "kind": 0, "date": "2024-07-04", "recurring_type": 2, "separation_count": 2, "rrule_start": "2024-06-06", "until": "2025-06-06", "created_on": "2024-06-04T11:58:40.303Z"}}, {"model": "schedulebuilder.event", "pk": 20, "fields": {"schedule_id": 13, "js_event_id": "3", "kind": 2, "date": "2024-06-13", "recurring_type": null, "separation_count": null, "rrule_start": null, "until": null, "created_on": "2024-06-04T11:58:40.683Z"}}, {"model": "schedulebuilder.event", "pk": 21, "fields": {"schedule_id": 13, "js_event_id": "4", "kind": 1, "date": "2024-07-05", "recurring_type": 2, "separation_count": 3, "rrule_start": "2024-06-14", "until": "2025-06-14", "created_on": "2024-06-04T11:58:40.846Z"}}, {"model": "schedulebuilder.event", "pk": 22, "fields": {"schedule_id": 1, "js_event_id": "311", "kind": 0, "date": "2024-06-25", "recurring_type": 2, "separation_count": 2, "rrule_start": "2024-06-11", "until": "2025-06-11", "created_on": "2024-06-04T12:02:12.800Z"}}, {"model": "schedulebuilder.event", "pk": 23, "fields": {"schedule_id": 1, "js_event_id": "312", "kind": 2, "date": "2024-07-02", "recurring_type": 2, "separation_count": 2, "rrule_start": "2024-06-04", "until": "2025-06-04", "created_on": "2024-06-04T12:02:13.072Z"}}, {"model": "schedulebuilder.event", "pk": 24, "fields": {"schedule_id": 1, "js_event_id": "313", "kind": 4, "date": "2024-06-24", "recurring_type": 2, "separation_count": 3, "rrule_start": "2024-06-03", "until": "2025-06-03", "created_on": "2024-06-04T12:02:13.451Z"}}, {"model": "schedulebuilder.event", "pk": 25, "fields": {"schedule_id": 1, "js_event_id": "314", "kind": 1, "date": "2024-07-01", "recurring_type": 2, "separation_count": 3, "rrule_start": "2024-06-10", "until": "2025-06-10", "created_on": "2024-06-04T12:02:13.722Z"}}, {"model": "schedulebuilder.event", "pk": 26, "fields": {"schedule_id": 12, "js_event_id": "1", "kind": 0, "date": "2024-07-05", "recurring_type": 2, "separation_count": 2, "rrule_start": "2024-06-07", "until": "2025-06-07", "created_on": "2024-06-04T12:04:39.863Z"}}, {"model": "schedulebuilder.event", "pk": 27, "fields": {"schedule_id": 12, "js_event_id": "2", "kind": 2, "date": "2024-06-28", "recurring_type": 2, "separation_count": 2, "rrule_start": "2024-06-14", "until": "2025-06-14", "created_on": "2024-06-04T12:04:40.261Z"}}, {"model": "schedulebuilder.event", "pk": 28, "fields": {"schedule_id": 12, "js_event_id": "3", "kind": 2, "date": "2024-06-27", "recurring_type": 2, "separation_count": 3, "rrule_start": "2024-06-06", "until": "2025-06-06", "created_on": "2024-06-04T12:04:40.529Z"}}, {"model": "schedulebuilder.event", "pk": 29, "fields": {"schedule_id": 12, "js_event_id": "4", "kind": 1, "date": "2024-07-03", "recurring_type": 2, "separation_count": 4, "rrule_start": "2024-06-05", "until": "2025-06-05", "created_on": "2024-06-04T12:04:40.799Z"}}]